{
  "ridge": {
    "r2": [
      0.9278825866502154,
      0.9844379795809028
    ],
    "mae": [
      0.10682622082871975,
      0.20046136682417937
    ]
  },
  "lasso": {
    "r2": [
      0.17172097451560095,
      0.7447630870048163
    ],
    "mae": [
      0.0011301941363043718,
      0.0022986085500515414
    ]
  }
}