{
  "ridge": {
    "r2": [
      0.9278825866502148,
      0.9844379795809028
    ],
    "mae": [
      0.10682622082872052,
      0.20046136682417787
    ]
  },
  "lasso": {
    "r2": [
      0.17172097451560125,
      0.7447630870048163
    ],
    "mae": [
      0.001130194136304372,
      0.0022986085500515414
    ]
  }
}