model,target,r2,mae
ridge,usablegc,0.9644275261638534,0.1497745125995336
lasso,usablevc,0.5504525155452731,0.0016815930733204375
